"","60e963dba5db57043967a6f95c443af4","884e783abddf50bda4d48ecabd768c1f","0a1f60c99334a37028d9c46f4132b360","5e5a04489c0340b0a36d683ba8ba52c8","9b3bab98ad1ea732e8b6384bce7b565a","301fb052937340235e7a792b2c9c9387","be7075418a8e255e57e7ac27babf6c29","9652e29e523a25b480d1a91ee9f6940a","4e3b7722c820e6fcca74d922224dd157","3f11638f83a3e9af2e9a0968720f84b4","8470f68664f96b7288ef26b2a5829d31","c3519270e269b92d3577ed450032bbc4","d078395ab6f6d24d7badc1956a41ab6b","bb9723a71a5d016633d9608d15ef44be","9e6789c57c188c6dad562f830b264821","7a07425bec9422aac20121f94389a5c9","bbdbc2d0d450aa4faee9a7dd415b948a","63751ed3b5b8b418e0c58774c1749e62","f9ab18cdec959f4dfe53c3a9950c8b22","acd90ebebd5cdca0a466d698bec37810","362ab12a72b98172fbaae60868d2eeda","129a88fa49d08cc3a6108dea5b7354e3","443daea92367cc673972deb545b48cb5","6ae5e5ed6c4287578ecbbc094565a29b","eafdb72dc014495e39971cad1f3a6ded","0235f2f2b34ed74f06e622925bb322c0","2cb59fc7d02c10bcaf6f745dbe12db23","8c707734e4bd5cfc2f816d96dbd5cbaa","ed3f25f1e707f0b6bd67b721a7306361","ff9257fba628fd38c0472e17431cf29e","712b0208b622f352146df8dd3104ea08","dcd2e5356d34114198ffe4c67a24078d","c1fef5cda8f8211d1201a7544f2c4278","496e1a1b295e9d00e5fadc66ce61c873","f3af4ec7cb1c66005945581b45175f0e","4e340178a529bcf6a1393455406b85c2","887857297d6bf35ecb8b016bfe779500","5d3b922a6aa194ac206e6d65c4985a67","2679fa92637945c107dae1a2c67b4454","13c34d1e5d9c6534fbc54f791411cce2","b47367fa4b4560c1a008c957f8043e41","5fea09177226c9fcf06d1adf484bee94","51d12d97dac869f396741a5990d48017","40b8041f63ebf63740c27f545393e351","270883e6ac07e2968629a6de7ce390aa","85354de9f6603dca46430c3dd2ce69aa","fecfdc657c4f300818bd2ee31a81f2bc","d47fea0b184ab948c298d06f1554e21b","0ad52385c1e27cc7fd5b749c7ed5fd26","92a0c0eee3f089e956bd1b7c300443f9","2bf60f2f00352dee0bf92df789815155","3d5503fc5c3e009def24de8b9d7f71c0","692ba516c9e0659bfb0ce31465506561","ea400461bde4dd4879478c62a494508a","464aa38388d0e73eb386fe1894fb8151","5023314736d85a6a945bf82481e79ade","074b6934b72233122245b0fd2ed8980f","7cb56846933987e55b13d30ff53e8c9b","e9a80e01ef561cb0d48295ce7717c488","e53c8f2033584af0e88317220019bab6","cc15820c656a87403e69077346781dae","6cd929b3c42690af578cd536fa0ae452","40432ff2c989c4d3354ea514c3cd3885","8ec873a5d9bc71c54b474ebca0036c52","6ca8d94622df19a01de6ca683e89bad0","5f6e0af2cf6a1ca3a9e8b2d384329200","b9576cac2010d2f88f16e2b1c205889f","1a3a0a750a99d7c8a9750ddc2b77cca6","72cac878f56dcbc662c1eb383cf10676","89fc352d3d10d6124dee3630f3d1aea4","b6401726d495310d108ba959d8568355","bb1f9d88b09ebe5a911839d29aa417c0","7824f1adb3f57a1a2eb260d3a0bbbc1e","13d431d3ba5fff6dcffb87c45a0f39a5","f8dc1b8fe81e1bb625191698f626f785","c95e85cf07e9f572592b9ff2631ad2cc","ed955f1d90e8d8afccfea60c4d68dbd1","8921bbcd327294ddf31d3ee2be149a0a","f5550f4e48a3884b4cb2bbcf048afa07","c154b8360e269fd36cfa54cb37cacf39","e5e437e142e5096643f07d7a3d1012f6","a71588f42ef450a8416b2dd07766683a","db8269e86eb1161858b2018e903fc3d7","a96a2787b6fb4a71553f23f1da596032","7f32b3cae15f904b9027e94a22e131f3","f6c905e93cbc08055f84d852eae23aba","3e795a8f77440fee2251b1a874502f00","87cd4e9f3408dab14eb5ad2628888b7e","e12fa316264afbec4c09f35822950296","4c02220ccf445bd7ed7ef389cf07d9e2","a7a8b5fdabeb863bb4de3f6632e22ec7","203de72faf5a1a322d7338284472228b","5f44a570e68fff74d8e4c384bcce36e0","057ab5d2c689ad0ce8233f8876bfbcf6","a4fb45ac2d41bc85ad3ba04f7fba6566","7d7b6ee5a13ac913205df8485da4335f","56c4478f4da7d5c9545f91c8ae2a0306","f4b23fc0115c3a162a0aadca5d38ba89","9fa704ce6e839b52abb96d7833e21766","54d71a61792decdf5d0af87edf41a8ca","09587609cce3f5243bdbe0fe6ddd48ee","fafd9086302a21c2fcdea30ad5404c1b","936f8b369fad5964c21ebcb069191a84","ba2e4524e404d77a3ae8f67a8610d860","31ed416a13449fcf6929123b173f5956","a8b4345a25b75cc2860966be8b2e443f","2ba9ec1402cda2e64adbc9363041ac62","739be518b4431d8b56ed1e8b4c5a3695","cda8e063f61d8cf0c43e14d349f5f521","e2c831a64c3278fedafd2f57965c2655","b7486687629795b1af3b1b9a956fb2b4","1141b57fa374edbe4bd30bebb88d7626","657413d734b21202c1fb697c976c9696","1c97ea30ea0bb81d51045b69187319bd","2fb6211cd68d99e79952ec75355abaa6","4e2ac0994d397c2f20b588f4cf7e0abc","2ecf1cc7b933fc4fe555210cb3ca0bef","51fd308d82fd63c44187c02ed2a6acb4","3dfacb40419dfc7b9839706b4bb84454","9b1d8edeb535ff6546b1facefed8efa9","35798aa7ff0c298bd5caf34a09e9db9d","587a465ab092178cfc200e90de202cc9","90f6e4a6c10a6b52c5a604726db5dba1","9f3868857b3f81a069a6ee26f61a98cf","956bc6eaa50e04fa0b1ccd3834ff12b9","db9f9c940d4e036f2f4a6db84354f6a6","bceb90ff8f5cafd78c0c146b7d40223e","8ffbe5bb2f6da6b41002ef76a9ba7fee","190474eba348958f7275b7161ac8bff2","cde0ac1be9525be3614b2a156f19dab5","f6d9b17d11917277049a432902401bbf","2550aed5d5b67d25c8e6f79430e38148","7d679239cd1e46de5180c6971f6747ae","3a2f84f6723ea223eb149527717b9488","9e70199570a556a7becd0063bbd53f95","0140a1445d4e4f88c4ae98fb9a98a5e7","822243450d57fc7027d2a889ba369602","2dfb83219040d3c3a987270bc8d4e94d","f958708b7b892ce5689054a983370754","38184306379087575e07d485dd5c6da5","9bc6fa5e4470bad55d3a495d0c075a0b","1ea41e6a1e89af7d249fd08bac9a16be","9f2a554c014583c6978d8eaa9d7a0e98","73255e567e04277551d70e9f247abe32","8eb53da0b47840080212f5eac81f20db","324b63c747ec6319ef6e388b001cc83b","fa022321374c4be5986270b7399577a0","b5f04892c994054402a518360bcd94dc","f6ea51505b5f366ad5c937ddeb6369fc","312f38ce02c334142034610b429ec039","5e1409d5b292be5f44ee8912eab9c7e3","fa0050368f91db0b91c700df476d99d4","9e9dc6747af94e3c641178db1d3130c9","faf0e4021f6c66b29447e1ee6802977f","9d55f916e40d1f543ca8b8fe232f6ba5","35b3e4e0d61aaea5f0ea3d10f437fe23","356bced4384496dd6579a93c08e5c066","72d1cefd71d667a5463983f335ad7712","79d5725848f621bf7c3cfeb6feae8de8","010a7678930773cd20575d32f9e89d41","4cd5e593e6d1020ab39c7a760a18e380","66c6c426759d443ac166461cc210f355","c5d308a3a673c5da0e642a8b89c4f1ab","6e679d8024f035005060cdce1ec32bf0","edb2368ed5bcde867d8d9bd01f427d73","b638b6de69362b3d6a14a839d5d62a04","edda54bc408e110282479a954001bee6","ed232fd04b7a46e12a7a123cd559f0a4","c769b24a5aa5eecf7dc72718d83b8915","4a979c8ada40bd4729e78033e8af3b39","d7fd968fdf59f33e42937ca7e2aafad3","50f954b1512b4a78e1ee822de47487b1","dbb0ae9af65e733b63d3939bafc11540","9aa003a2ebbe385842b2cdaa0606120e","2f53aac901da8932fb9053ce9f8e076f","0c867db7e8913a9bce1f53b8c11653f5","2b0bdc2350b0c14942963ca26fd47cb0","4e7dafae6b34beba5510aa7bf411e021","71362f97203bd4089f3b510c6fa37893","1632335531c20f507c9ca1bf6a1b73ba","bd0318fffd5645c81cb2bac5e8ce783f","84852c0649e27ebe902abc59001cbd0f","667a2239b5a8320dfd0e512f22e45f4f","e37c1f6a5483524bb3a1153d5e59c1e9","a81fb335742d401fd861671917e14430","190cc0f6fa30e0437bf3aa81beee52b6","5dd374a392153fdb54cbe791dfa0b0eb","41495152347093fece7197ece73d960a","469a91be377b7ed4d5b153aa7e3eeab2","3ced21e5563ab1cb2e75ac52568c172a","b975dd931ec2daaa8cb931a3c5f46cd2","ff073d4e96becaf2eabfe1d12baf9999","abeb3439f4cd4399359ebad6c53cc945","c09526fa0e9e907c08191bb98f82a9aa","6de39f0f4896c6db76fd60efd3b58afe","54d63b8957a913d7ca8abbe06af00d01","ace23efe82f354f25a17afa7a85e82aa","3843cb6ef52700f8814d89178309ebb9","65ccccc16606bff41556a7753e1c001c","6f0c3b985f8fd9eb013ddc2797081a41","e397b67ebad74edd829a5874220b9cbd","d02764bdf2cfc9c30443a27eaedf3388","696af6a98e452b8cebde2af2ae55684b","b355504577534baf42097962e6046904","0681b8546c3e69af0f78fcb3cb856e2d","cdd1216fe7d693e23067c52b22ef08ad","f2cfa046e2c5582210ca9f1f10a05f11","dd1d3ad2e9be94eab701b5037b7987f4","788daf3c3080194195b2879c314e338d","a2234eb247b9924bc5e52aec0d0b053c","37f71e534d6a8b37579615ad087f5df6","32f78e34dd9e610cbfc9ee88619d04ef","b90652b7bd3c7f09f04da26da63016e7","90f76e88fd9add1d3cd7b1ebb5a0d210","84a96a12e0915029a3f303c3ff6c6afb","54d382c0712f01e3e48935c102bd36d6","297ae0e25974d54e53a25e3bf55ca268","0c23924dc7bff11d3f719727c88b424f","9452458d026aa3f7192c692bd637baac","dbbe14734255bbe84be05064a1b154fe","8f44cc8db7bced9353268d8948209efa","c5d291ccd9069d3ffbedd0a52cad3a3a","89de8abd4ec725db77514dc29261b0b1","04b3e4f1386ee7601ff82c467bf285cc","93f529adea5786cad731c3b5a1ca69b4","0dac8c406d541554abbf0f744821b95a","07951004fd6dfb52f71c69ac17882a2d","f2cc22842cbcb5802b32146e38220a29","286d40cd7ef6de01ee30de536a9d0096","ab787bace65f6bab28045d3ba66f400d","0036b2adce21099c219c6803d6b699d6","49408c84df51dbc0a1c84b45eb756de8","660980ab8256bc1eb05dd51a5824f6bf","7767dd488e128ddb114c47078e731752","7b51231e886ef4df492f1b5eff863db0","5d1ab6470dab484e19ceadf1ff8265ab","8113e7f090602bd5a733abe4a4df9b4f","a428ba8fcc3dcdc9120106fb49679fde","b9a09f23c2e70adec5f0c099d686e8ec","54384c3bffbec8a3db12f656d5826b7e","42029251dd5cee0b3213f91e5b6ddb8d","16f5043a68abc055b081afee068a6d4f","b4f4dc289dbc3392f27e477ba83eedd7","78375ce9ec06751cd27aaa2330c89da8","1c7dde50048b4485f2e116faa47d964f","ff52835bb9c4248a8a4897fbc88bb865","d227bec70f612936352749bb1bc6fb90","e34c2ac331ba8caa1bfd34b50eef5050","d39d73d478a5818c968686e831ebb178","a4e564106bad899065cea2737946bba3","bd079a1eb60473af913b19d077de4491","f6294c0008c60113840872dde00f3046","ea3dcb5e3070aac42b642c1a6a081452","4bfb1ea1cd8cd3a9008d847cef679a5b","59e93b2ced9390d735c832e9b0bc3ac7","c8de1ec0cea62f0be6d532198314f4af","5c1631d50573e0b1b98676c7118390c8","487035291557bc6816288d10ca69846f","6350e56a1e2704e854d048e9d58aea06","be9eb9409d5127e7bfd6960408ecaa97","f8731f46daf10ae3e4f96de3cdd804e4","bb96cc8c604346e56f8060dea682ef47","53390b0ad82aad363cfc4459ad31e767","6c8b427151d0687f81494d6ea778c355","379747cfe7b76863f42ef594fb31227f","ea2ee14e4e3b7d38b9b2043b446207d7","705a1ef500b7e8d29b1c5dfa1f58e390","4aa8392a45c447bee51b74eb3b0f021c","53d28dabb09f7bdb91c8ee68cacb7444","2817bee04a3a3a9b7f2408cc4fa20eb3","b775c6b6244e31e617cd5eae12d1fde9","cc7645b74c212cfcfdbd17dbd8af9005","fd3ac90841de69bf3c72aa399d248e76","994fa841be4e94d83add6e72211085f2","011a7e24e65aca2271dc3757f210e5ca","6cdcc9545d0ede903df30d66f73704e5","1cfcab78e7a2fbbe1ffa691b3f483023","ce70d76e69e7cac94a815333103fb8a2","a95c2a0d3fe9c6e396b4e2fe0a7966eb","e80d2afdf5f56ac0e7fd3399ddbf57c9","8911b70329abb8b188a3939f6c8c3a5b","1e829da267dd7e0db38eff1790144bed","95b68801eaeb3493e9650ac03bc9ab65","0d872431809414733fd6f42e8aa9bb19","88631e48d306e5c86434f0bc734fa63b","63188c746642cad86d4a8d39e7a0bc32","71b123af3e3c72bfd877a4c852143d5f","725d0de1679133bc35c2867e03802c57","3cff072213b7e25aa926a6d346087e7b","340ed28e531295010d56b152d6f7efc2","be574995844253dea68f59990bb41add","bdcf150ca0a8b7cf7a5e7cb4be82d5ae","d839e0dbcd3d51e81ed41bd6aae4b58e","732f5e205f792d5d47fcd6961c3c250e","8073a9d49ee449d4e6840488d9bb58c4","2c2e30bac3f37465fc337eda4fc82b19","eef269fec5c1b305f238891135f1df34","d820bbac55f7f4fee93a711317be7031","4d2fb88b8084d57c2b730a7b22474daf","93f3b808772f3f8b51da7c151eaf7dde","d054c3271e75a05f0b1cfb200c7ab768","28cab8a69f3c3f57de466b64b5df0869","e49e326aeb2c3462d4cfdf1f58d8b3ab","6d2b4018dd9d6373dde51d5675f24c67","f219c40a813c4bb49ee579ce5bdd0d4e","98c4e667ccb8e347da803676dbd8af08","66e542275b0cc2fa54bfde56592119e4","4770151c973da9c9db74501315f4c51b","ba7265cde6548d318b5e505c7f1ab5b8","7593df3aac7355706d08ac097e064ce6","0296f3d94b86ec4ea356b19582d5e3cf","183e70fc9be70e72a213a32d9fefb8ad","681176150bf09429d42b84375c57724b","7c92a380a727cafd42df5029f99f335b","bebf0c105aa968d832e304158fa9cb23","b0e512b8f29f760b9b7e09c7f9c94afe","e3d0785a6085cb93c2998888a97798d1","60eee13c3fc3dca84a869f09b09ae81d","5283f7b65f8a41354b577fb49c915f0a","37d286d46d14e108af57787906e525fc","5004973fd34beb1f10c2bee936e4f0b0","f5383cfeac43b1f7e62b72c552129b12","e5269e6bfe2160bf755e295cf232d255","363655694273441ea84159adcf8ff656","947c632c59cc1208f576d90bfef474c7","228f544f7537db32f3795ed664f9872e","2516712af7519e84f77464919e9be08c","fb5f69eaf9195658b668d6478e267df5","ddaafa87c3801796f7620fa9c00a8dc8","b765eea8cc010294d6caf2e6cf243f8d","2099dc4c9b693164518c4d0b137675e5","8b7a10422fcb7de72539a9ab0dc58c7c","9eb12da3f9dc1c13447e4992fae5c113","55c0ca3f2b235fbcfd12e4cd71f8239f","93432d35dbade346a56397e2bdfb2188","5242e09eec82089a5296a72bf622c11a","b6a309280d1975fe8d97209c9f4805c1","f9ff38b62ca313d5d6c2e50cf119e29f","6263ce6c986e8b7899e6c1eaddb9781c","861fe8bb733ab1005952fe5f9b5020b7","3ef4418a30d7fbd1b8c5763aa5fbbd0a","a50480d9ecb2c8bfa9373ddd79006535","437c64c42ba1d3c524feb965497cefb5","d72e75e559331847a79a9d9ed676a59c","078e4b4ce9ac853aa133247b88bd1e9f","0bb11374d2f920b38e120b9094f2c7ce","5a7a028d35d29780fb18ab464e8e2311","69a3b36f37bdf4870a9986271e76aa3d","0a563f17f31f04f32d107a5bef4456e4","41cc31fbdce6974678fba25d7566f7ba","3a64757e8a79fb6c9192b23d934c67c3","8ca694da1bdcd19c0a897c93a3dd1913","f2abec22a19b4aee827c05183871c0e9","1d69591f40e7e15bf2660af0ca9f6c9e","9cf49e214a424ce4812cc003510e0bd9","284c4ed977b43e8010e055d5abf32a3a","5e2ce29748fe82907e1f86e4cac4a5ad","9ba90ad1c66ef40978b74a556d3d8758","70df22452c58633b059516008f3de6ba","3b040c39ca7166dd2405fc47b4e7f1bb","90e44b42716070f521a7f94e9e3e7a06","fe537d99b25dffa44956fff680936976","40159baf36f8f9ad4852a63eed7d879c","50d2cac83686121a21f57808632d1768","dc1f1f82f2d552dda5a95b929f6d35c7","18bb69601663485f9451496ee3cb6254","8b72e2530f2fe8c8dd57adece36f329e","b42fceddf861a1fc82e6c9818228e5f7","92900db90733d492ee8337c368eea2b7","56dcfc3c0079928da60cb739f6b529a7","f74280d8d67f2c7204e96c34ee2d1f79","b6c210d127cf4fceabaca762161c1a80","d7032493a838febb29376658b6d084dd","de5c7953da87074131a057a33a8f4ef6","4501553a00729ae5094cf68a29207809","1591c325db983ae641ec060fff6f7098","42c4cb104d17fad912d48843d13270f2","22933e1655dbb9579afd17344b0f92d1","d0f619cb6fc9e4ca6cb646ea714755cf","ab4ba65a27751ed4a881fc94ac6ef227","6b4b97c5304c973fb3575942dd04583d","c48218713b63ea38a5239932622691de","fee60894ea618a57843c9df623f9b480","a68894b36fe586ccf055a3832214d525","d139a7c7c2e72450e4ea9e8ebbc86b0b","793b89684273d74432f01481511c065e","be5e759c783d39bd4b37d111a92b859f","b71ad31809ac102c2a287a5b391a0550","b2f851a25e21d3f205b4bbfa58631807","74c7f9855eb11a41401ffadefc5175ab","5104a8e0fee50da8bf51de8e815e0340","4a3f9c10ab6f16ec930e6b391846dcfa","e55baf2b9caee546dd4286650444e429","908f8f517560c1e4f89d9a99f940cfd9","05d3e97400193a3a6d810d8fbc077204","9b4cab911da8f0b1ae74aa230cb725e1","5d447ec4cfc734e2c013f18f1369d403","67fd4a3b296e19f273d18bbdf92b56c5","46a5d776bb6618a2008a582485a932f2","f7911535450a2bd4504efac58a68760e","443e64392eb0f2511da4e169bc2aa237","ed4e8e9e540e8eda3e74e595ad28911b","93092de923c56b2e8ba12fae4f39489e","b5e251babe1cabb2edb03a4bb6d41d52","2408c1f07bec5768947f3e9acdec6842","7e5ad4bbb23df50752233a08da204c64","0461d17ce09b5829c6f5de6881089ce6","2de2c077b6e38948c575cf199f664150","6bbe8070dd48e2f46010bf15e101d690","5e1c963a11088c0ff045cc082560a2e7","38a9fc68da985555c95fb56f1b856de5","6e48f5e58633d8232d335220d60abb7b","9c1ee1f8b0812f4ff58e4300f69b658a","cfe7656023d3b965b75e64510ab3f55d","1a416054b61150408ff8b6e2131f2bcd","d93d18866f98db4daaa5b9ccf6174e28","f1da478c5219ddb00e41ae6e7e0b080e","6b2bfdb094c88e3decbd3a60c8b9b02e","e395e93bb4557491ea02a8c36748c454","251bb31e559804479f8e3c34c19a1893","2839bb830229b88505df55d28092b7ea","854c694aa49e4e71d9b5b855b5c5b0f8","a7cee8f6784cf100ff2c2428d5221182","d27e529412dc104a6ae58f1624af8f4e","70f65a857a64ed7e0218b020b0570025","dbcafa4d1316b3d3e27c1715e247cb7b","c05bd0cca30d1fef60cd0b7916e7dfd4","cea7d7991895e6c800f976542c79ccbf","ab9e8dec36a3927ce537f644f17fc4bd","5d4f6fb4c0f13516124f05ce2f6d57f2","141816c363c7541461bb45b5ddcc2e89","4edda729703bf22b36ebd96d939ff109","edcbcec0816054b59c345c9aaeb6bdc8","084dd2190c826bfe04d828316467bc46","4938cb39e15ea84ec7f6dda2037e3feb","2c5eb79f8c636c3ec1c1d459b0fc42d2","fdca1ae45755d09561477669ca31f8a0","9866ee274bb9c27538f5b4d96f0fb5e2","27d91d094473c29ae30a645f22c6bd2d","6cf130eb17b25d685d6d4fc2271ada54","a54828793470ce5fed7af0f1c4ce69dc","ece0e0e13841104f57c83f54dd78f945","cb7cc26188d5a5ab4fa5fae88a7fa563","95bf27ad14af8b052a042a9152f4db17","61fc3c5f5945351d935f1818f07081c3","cd148117193466aaf398f0aa9ec06f4f","ce9ac15f1a6215504d5deecb2b3892cc","b0391c3c74b7e6d2266d233b36cb69e0","b0f9e96938af17810c251cf8f68b6c4c","32b0d7e6fcf84caa3ff7675546188efb","3684f3bbc55e3e25bf866ca9e73f4b92","fd58637e632cabcbf62b97f38e087672","8e1a58fc55da8311616a3ff0d8e81bef","dbcfd700bdd48e40c7d91903dee555a0","0d2a7af851deee73f0d373e0eef9fbc7","88677755b0678636cf0a4176290b061e","1faff9a4c836e7c52f60483432380c34","f24aed0c865c71df78740403740264ac","52218826f07accaf575edee1212f4deb","e88b8476b03ecb11e81838a36e3e99cf","98a4aa72c993c4f8e28063abbdc7101a","a833de3f0df5cf594fb6fb07fc145a36","92be6f70be27aa9069bc7785878649f2","68efcf1ce69084827e3882e1f7fed7bb","fbfa311375a95fe260ea917e0d677c69","2122d5546f9bb8511ae4f7dfc49be841","11819b19a112d511412b76e9f7946c31","0a92098721c43e2fb1dd5a9b59a50e20","d1d6143d85637660a83b45c17003c88f","d980d0dc34b7421da9b437d13d9587c7","35b428c0f70661099c98706b3a378c8e","d3d7b916e7c461f0a333a37a8249170a","08fab88678335f0e7735387c8d82e354","dee3cda5516faa9f4aab08d4b3b21541","650b55e88dc33304c028f125fa8d8f25","e307d9e76551dd1e642e874683e65e47","1aba3dc6d6ba61bd6883839992cf1984","cfd246457c6bb88f9259f5dbb293ede7","b9e01b68f8b86312600df9d898836ebf","247017614269938e052e2198a37c3fa2","11c27b4dee6223ebdee56db3babf1d56","a062c9f0c09df82eb300a70ab0e20a33","64a8f725efd702e9e00fcd57d9f99d78","907164f2482509929e0fc4b5b1775765","019a3f6d3e613a0ee22357b72396df5f","cbeaf19e948fc768d0dd15cb27796de7","274adb6c1ecb99b56267f1711bc6f7da","34ce89455e1dabcc8b419a8b34b799ed","c6760dcb65c060c7c9107b3d18e47799","d1a21d3ea81ec68a856a857f91076e36","c789ed3801eede2677a558ed3e785a2c","e8b78f0b3ea4c9739fb6004cf7cea4d0","6f68fe69e9486f5a3403ce90fff71b52","6f51121a3f8d53552ff7f94ae4615f4a","15da9f7b5bc077bb48997b7df9f19ecb","1335871f0409bfba37c39cf215a0cc07","e84119945b29939b5b92636d746e2e74","6e567e1b0dc8603d36bf2ccc33d3d73c","71007c9ed51f53ed0232017ca6a7a432","8a6f15be7701762d64b0cfd6ac292750","ef31a8877bb6b7515c9d37ae28b36de8","93f76459f1542c79dc363e4fd61f0c19","4f9551ffd6d5c87223fe6291b395da6d","2c22e9d12ac00508f702692bf5dffa7f","72bba275932e1c1b3c439465e60bd2e7","42da6850ba692b2fd34b38770c1e07e9","a37291f0dddb53d845df7cdc29b199da","68754dcc770360258a030e3c4d2561a4","d2ede2e650591679cb50f4108be27c49","b71cb1ceff718feb9d65b9b37e604fdd","aab653ae31844994fb18d040b43fc502","2586cb474ddf3e5847125a166b52f6ca","995bb9b8298711e6fb5dd896a7412bc3","eca1ffe2bb4e437eab14fade196a67b7","1c5e845d72a3c8574b857ae9881d7e86","f657f9f3096d048df1948399ce60bca3","da49bbf556ec23eb6721ac71e1127d2f","fce042dd1f4ebe2713d17dfa605e105a","b3f976d0de7ee78dcb1683d054a6e0bd","68264c4818285b8279de7f28a000aea5","e917b5859ca49109b226978ceed29a39","891cb90e85069f5ceaf0647ac20e9703","3c2d00a44620c8baf74eccbad7cc6127","c3859e366e29a05d23a3238351b268a3","d429339088f1c42b2d33a8069c864d1d","668ee4ef35c4edd4ef14667d1dc6571b","b5ef2740ad65be35c2a6f8e0f927f6b0","be1da40afc5c5e9d9dce0a19408d9a8b","cdf0e5fa1d867158f4cfba45646d37ae","e6069fc8847d2ec3654eb1162fe576d7","803b33305ace788fb24764f72aa23f8d","300db50da820e0445839e912378628a4","8726f8a8cbd64ced0132754e92113f43","e7b7b5ed8d736f6c426f54b37e4fdb49","d42cd49854d227dc060f1c9f2862e0a2","0b6744fe0eb83938052a1e09ce8bb390","7611097a7d30a65d3da12bc32c672e32","1f500f41322dcd6a26637a0391548f41","268ef8e5a1761eb5d950d3f25685f869","f02ea90d4a312c9dde55445fb4e34168","a0ffe528b3a971a0df9ac462b85ef149","6ac6731ec99733e7c4e8cc30ab0bae83","09c800b6072a1d1ce67640865a3897ff","ef8b2a482387dcd3c856ce38b8d66b60","b72b206d8cf419761b534b2032c2bb68","07e0c18aaf2dcd4d0372a84bd9056b57","423eb0d78384e65c793da9da4b227471","7467eee987d63e4bbccb133f4187f0f1","02d723480d5bfa2e6732629c5fe4a735","2e21e4d214deb7c2d5a8a8e32d8cc616","79bb3fed659835b167cbc22bbcf6db10","7fb8908344a913171d63b6eb4888d0ec","b2af59332fddde5ae51bd4504a8a639c","961f603fd55f1d33c5030984b57195b9","1fe9f61da88c7c83d3e921fb52523e08","fd13eb69a7a4bf59de5954c00c07c8b6","bc1403f9fd939cf03bdca6548507307d","47ba1223334f5a5418848727b242671e","693bc27c7685946acea1b86c08fca2d5","be16554bf3a26d3aa1b8bff7ccf391dd","981afe6a678be77318e0cf6c3aedd7ea","9a7b80466362e1eacb2d5432fc352eb0","e6e2cdc2a1c4ec333d8e08267a5c8a39","fdaa507e020db1977ba280afb466a86b","5637f459ffe10519631898d4c581b658","4a9ebc0a66535997ebb67a89622569cd","8d5cd87b264dca24c2a6747d95d36595","f9763d8eb6b22ab64a4ce6135e1c595d","2692edda74bdd451b585413e8303147c","c6f539c9ed8688d3c26b1ec92fefd36b","cc7e673ef546897a03decd141a9c0959","ce227dfa3ff9622d9933c5d41e3e826c","f00743380bd00af0489108254bb2d4c1","f1a2f2edf6c2b211d0ba3edbd54327a7","5699486d3ea2e6593087ab52a45d8106","133ba9365173b9bcd1c970a8e37380b6","b9dae6bf176c922dc6888bd5d9e6a2a4","8d83dad1d427cafb1707615fccb7b2d4","ec6dce846dfc37adea771627555b5ec8","4c3cdddf36f9dd19dcdf7a1106b1e61f","024b3cc157d31b4d0287ab4c95d1b986","28ed5293d227b15ae3d0a4e1e34431fd","aebfbb48b9fd4bc42fa3f86264f55e48","be835086f2269f824a41a807aeb40fc3","e6ca7debeaa736fe5621683e5492f568","56f0e4a12286114272bcec7b1006a7c5","e503c0d8593a1e4d62d1bac0d55da5d8","5a69b9cd86afa6331eb75026219d9043","f6f53d08f5917d9a1bf38944b2e7714d","9a081d4d315cf18bd6ce022fbdbf2915","00212e9032ae67f8bae2c8200172462f","9f2c8d0d2ab6ffd276b9a2e382ef70cc","cabe5c41c4959797bd4486518bd1377e","cf30cfe20c4b4db8bb93fe7ed562799d","76637f3b73207ae103e2100c2eb967da","0c1fd1f45d0cf88b01c3e04ad7a3b3a0","12d275de8efacbc6395d0d862f949e4d","898892a234f2156fca1169cde8f9d708","75d89dd5397c725f8b76d890917c5b23","c44482c415b245311e41fed35771a887","6f20496aa2ee0cc2eb41026137bc6139","481a42f0a7048293e8d614c890217760","a456b94bc7aef399fd9b601ea58f8d9b","22253b2a6418d94860c5139dee539a3a","e5424469653b79f0f47996f9e76568c9","fe3ce0f1d208ade57745809c1cc9f5c9","05e627c1fb3a1bda319214767148b388","bc70e1e847ffeb6f079817af01b61325","fa6b8dbe6c73fee0234dad5e68f58a20","f0c9aff89f87f67ac4acd26c96933477","35264eec2c4329438c6486416faff40d","ece673ab96ccdd89324c1de8a1ff4cdc","4ee5b08cf0eda55b3ed0d4e66d7a7f0d","1657c5ef736c898b061084873e06f3bb","9f228e7fa989d28b8501b6d267536811","905d51f778c23c06c93c55043a795928","eaa8af1fc80f66c46c65cccf5e89c1ae","277e65c69a711330b1fcf3d3ff25a2df","ebfcb28e95bacdcc776491747cce9219","ea168ff521b092ab2cd7696a91c10fdd","ac30dcd11c1b98062f24cf66234790ae","a0dc2e43353a9279d5222c18a48fabd1","5d1fafe48b899d1c94f63936a55533ed","d36f7f8521dc38166f965d9c0f44eef0","f96e480f329ff37de63b101b8d8320a0","08a05175be7f70e7889330573a903c26","0b9e2bbc67631cdf1b065d27cd67ce14","735101249a7901387cc051faea254c93","bfe03235bdabb10478bc209f178eab8d","fad288efa9b957f22871a8a39b6f8282","f0ae0b40d287420836a3dbd5aa17dfc7","ce30663d0d5ee4918e93893e4b255ab1","54026402d3b5959413373debae97ebbe","2fff4290fe4f6b10ef6f1e72596b612e","d484b2312ee15c6503498d5812d60df3","b4f57460b9cdbec3a5cd7c1eaa660441","a8aedc2b9a22e02a4686a1e439ac4a5c","959b3dc09024eb5657653a196c619e84","8219195d8cef8f5ae8fc2a26efb75d65","c6e6851e859c863ecfc45f3249775a35","a7bf5d50e05878c6a8cb3921f9ad0aeb","85c570b8e0643aee229d86d23d569607","1b777f607af595600fc5f0a1502100c0","9582127c5653d0bb691de02dc8a47740","8be8b18d804241fef8f72817f7ea1397","8ac188b481288f6db36ed1a00e25ada6","c40317368de6c803862e585236fe95aa","db85917d97cf4ca0eef146af3e42c20b","72eb1f9df90fa81e9f72007d491b065b","0e90b0b2d12c0c580f5360a144bc4f40","d6e51da479e2e24f02b1f77e09e185be","642c396e686b47e2f61d5e793508b369","4c2c29f7ef1eea6092a2b0ec412c1da4","7b5c2283cce5d9336f36b75ad1468e33","2776d7aeab18a3d833c26f9b4631ac09","a3dfa89bfd7f9674a8e6705132b4131f","4fb61258776acf7484f85a6e051078ed","b90e4e80fab5bd60b60a99ecccf4e92d","d463c7dbfb4c49de89280f8ee96e4b5f","4c88cf3938657b7859a778cad0b8ee97","07306783aafb16764d66a27caa9d45b0","4583b6413b8e6b53bc01b1f7a98907eb","7bb1a064500266513d3e2359eda834f4","9915372355fd38c969a2de6c7345e673","29e503619a9c4471dc6bf5ae36045b9b","74f01941c5db1f012f9fe1d44703a1c4","fb894f7a7d9a2a4705f549c3266b70a5","9c3fd032a511056fcfe67725a05bc5dc","36ff25867ea63787469b534b84cb64b1","0c9dc7e39a86e8cc498673eac1ff1b09","ea497c67cdcdd99930811be137e53c06","b8b6d5dfc35df4be51f20abe591b6ec5","d323a0c02fe471ad2515bc95ff46ea4b","0c60cf7bc095b7734b40ff0173caa4cd","bf6152125833f77e76803b642aed244e"
"sample-1",1155,0,0,0,72,798,120,21432,3596,0,0,5614,0,0,70,4096,0,0,0,316,0,0,0,11,1712,0,1624,0,57,0,1313,0,2943,0,0,0,0,738,1174,82,908,0,0,1288,33,0,1155,322,0,82,0,0,79,1364,0,468,0,0,0,0,0,523,351,0,0,0,0,0,46,0,0,808,236,87,267,0,174,0,0,43,134,0,0,0,0,0,0,0,0,0,34,112,0,0,0,248,0,0,80,0,0,0,50,0,0,0,258,0,0,0,0,0,0,0,0,307,0,0,0,0,0,0,394,0,0,27,0,107,0,0,0,0,0,0,0,0,0,0,0,0,41,0,0,111,0,179,0,187,0,0,131,105,74,0,0,201,0,151,0,0,218,67,0,0,0,0,185,0,0,0,0,0,0,0,0,83,0,0,0,124,0,86,0,0,0,0,164,0,0,0,0,51,0,102,0,0,0,0,36,0,0,165,0,0,0,0,0,0,0,0,0,0,146,141,0,0,139,0,0,18,0,0,0,0,0,0,62,128,84,0,0,0,0,61,0,0,0,0,0,0,115,0,86,74,0,0,0,0,0,0,0,0,0,0,90,0,0,0,94,0,0,73,0,0,0,91,0,0,0,0,89,0,0,0,0,0,0,86,0,0,39,0,83,0,0,82,0,66,0,0,0,78,0,0,77,0,0,0,0,0,0,0,0,0,0,74,74,73,71,0,0,0,0,0,0,0,67,0,0,0,65,0,0,0,0,0,62,0,61,61,0,0,0,60,0,0,0,0,0,58,0,57,0,0,0,0,0,55,16,0,0,0,38,54,0,0,0,33,53,0,0,36,52,0,0,0,0,0,0,0,0,0,15,0,0,0,0,0,0,49,0,0,0,48,0,0,0,0,0,45,0,0,0,0,43,0,0,0,0,0,41,41,0,0,0,0,0,0,0,0,0,0,0,39,0,0,0,0,0,0,37,37,37,0,0,0,0,0,0,0,0,0,0,0,0,0,34,34,34,0,0,0,33,0,0,0,0,0,0,31,0,32,0,0,0,0,0,0,0,0,0,0,0,31,31,0,0,0,0,0,0,0,0,0,0,30,30,0,0,0,0,0,29,29,0,0,0,0,0,0,0,0,27,27,0,0,0,0,0,0,0,0,26,26,0,0,0,0,0,0,0,0,25,0,0,0,0,0,0,0,24,24,24,0,0,0,23,23,0,0,0,0,0,0,0,0,0,0,0,0,0,0,0,0,0,0,0,0,0,0,21,21,0,0,0,0,0,0,0,0,0,0,20,0,0,0,0,0,0,0,19,0,0,0,0,0,18,18,0,0,0,0,0,0,0,0,0,0,0,17,0,0,0,0,0,0,0,0,0,0,0,0,0,0,0,0,0,0,0,0,0,0,0,0,0,0,0,0,0,0,0,0,0,0,0,0,0,0,0,11,0,0,0,0,0,0,0,0,0,0,0,0,0,0,0,0,8,0,0,0,0,0,0,0,0,0,0,0,0,5,0,0,0,0,0,0,0,1,0,0,0,0,1,0,0
"sample-10",75978,3838,5122,332,1099,1960,0,0,1095,598,1514,573,5285,0,0,0,5702,0,235,363,6942,0,0,0,103,0,0,0,0,0,0,0,0,401,0,2863,0,0,0,0,0,0,2304,0,0,0,0,0,2468,423,399,0,0,0,0,0,0,831,1167,0,0,0,0,2338,0,327,1178,0,58,111,0,0,0,1174,0,0,0,0,295,0,0,0,0,0,678,0,0,0,0,0,0,0,0,213,739,0,0,0,0,0,430,0,0,0,609,0,0,0,0,397,0,0,0,0,0,0,487,0,0,0,0,0,0,0,0,0,0,0,0,0,0,0,0,0,0,0,0,0,0,0,0,0,0,0,0,0,0,0,0,0,0,0,0,0,172,0,0,0,0,0,0,0,0,0,0,0,0,230,0,0,0,0,0,0,0,0,0,0,0,0,0,0,0,0,0,0,0,0,0,43,0,0,0,0,0,0,0,0,91,0,0,0,0,0,0,0,0,0,0,0,0,0,0,0,0,0,0,0,0,120,0,0,0,0,0,0,0,0,0,0,0,0,0,0,0,0,0,0,0,0,0,0,0,0,0,0,0,0,0,0,0,0,0,0,0,0,0,0,0,0,0,0,0,0,0,0,0,0,0,0,0,0,0,0,0,0,0,0,0,0,0,0,0,0,0,0,0,0,0,0,0,0,0,0,0,0,0,0,0,0,0,0,0,0,0,0,0,0,0,0,0,0,0,0,0,0,0,0,0,0,0,0,0,0,0,0,0,0,0,0,0,0,0,0,0,0,0,0,0,0,0,0,0,0,0,0,0,0,0,0,0,0,0,0,0,0,0,0,0,0,0,0,0,0,0,0,0,0,0,0,0,0,0,0,0,0,0,0,0,0,0,0,0,0,0,0,0,0,0,0,0,0,0,0,0,0,0,0,0,0,0,0,0,0,0,0,0,0,0,0,0,0,0,0,0,0,0,0,0,0,0,0,0,37,0,0,0,0,0,0,0,0,0,0,0,0,0,0,0,0,0,0,0,0,0,0,0,0,0,0,0,0,0,0,0,0,0,0,0,0,0,0,0,0,0,0,0,0,0,0,0,0,0,0,0,0,0,0,0,0,0,0,0,0,0,0,0,0,0,0,0,0,0,0,0,0,0,0,0,0,0,0,0,0,0,0,0,0,0,0,0,0,0,0,0,0,0,0,0,0,0,0,0,0,0,0,0,0,0,0,0,0,0,0,0,0,0,0,0,0,0,0,0,0,0,0,0,0,0,0,0,0,0,0,0,0,0,0,0,0,0,0,0,0,0,0,0,0,0,0,0,0,0,0,0,0,0,0,0,0,0,0,0,0,0,0,0,0,0,0,0,0,0,0,0,0,0,0,0,0,0,0,0,0,0,0,0,0,0,0,0,0,0,0,0,0,0,0,0,0,0,0,0,0,0,0,0,0,0,0,0,0,0,0,0,0,0,0,0,0,0,0,0,0,0,0,0,0,0,0,0,0,0,0,0,0,0,0,0,0,0,0,0,0,0,0,0,0,0,0,0,0,0,0,0
"sample-11",20851,122,14047,2032,49,1024,0,2197,3260,0,0,859,15,0,1462,620,0,7931,0,3148,368,0,0,0,109,12,3613,290,3446,0,51,29,218,46,4426,0,0,485,98,0,27,0,0,48,88,0,73,229,0,1410,0,2009,158,0,105,284,0,0,0,0,0,59,27,0,1459,0,0,806,64,202,0,0,227,0,0,0,216,0,99,0,524,111,0,948,0,0,0,0,450,383,193,566,0,0,0,380,0,596,146,0,0,0,0,0,0,0,254,0,0,0,0,0,0,0,0,69,23,0,0,0,94,0,0,0,100,0,0,113,0,0,0,0,0,0,19,0,25,0,0,341,46,0,0,0,0,40,321,0,0,0,67,0,0,0,0,0,277,0,0,0,41,45,0,0,0,0,23,0,0,0,0,0,0,0,19,0,0,0,197,0,194,106,0,0,0,96,0,0,0,0,0,0,36,0,0,0,0,0,0,42,0,0,0,95,0,0,0,0,0,0,0,0,0,0,41,0,0,0,0,0,0,0,0,132,50,0,0,0,0,0,0,0,0,28,122,0,0,0,0,0,0,0,0,0,79,111,20,0,0,0,0,56,0,0,7,0,129,0,0,0,0,0,93,0,0,0,91,91,0,0,0,46,0,0,83,0,0,0,0,47,0,0,0,0,0,0,0,0,0,0,0,0,78,0,0,26,76,0,0,0,75,0,0,0,0,0,0,0,0,0,0,0,38,69,69,0,0,0,0,0,0,0,0,0,0,0,0,0,0,0,61,0,0,0,60,0,0,0,0,0,58,0,0,0,0,0,0,0,0,0,0,0,0,0,0,0,0,0,0,0,0,0,0,52,52,52,0,0,0,51,0,0,0,0,0,50,0,0,0,0,0,0,0,0,48,0,47,0,0,0,0,0,28,0,0,0,42,0,0,0,0,0,41,0,0,0,0,0,0,0,0,0,0,0,39,0,0,0,0,0,0,0,0,0,0,0,0,0,0,0,35,35,0,0,0,0,0,0,0,0,0,0,0,33,0,0,0,0,0,0,0,0,0,0,0,0,0,0,0,0,0,0,0,0,0,31,31,31,0,0,0,0,0,0,0,0,0,30,0,0,0,0,0,0,0,0,0,30,0,0,0,0,0,0,27,27,27,0,0,0,0,0,0,0,0,0,0,0,0,0,0,0,0,25,0,0,0,0,0,0,0,0,0,24,0,0,0,0,23,23,23,0,0,0,0,0,0,22,22,22,22,0,0,0,0,0,0,0,0,0,0,0,21,0,0,0,0,0,0,0,0,0,0,20,20,20,0,0,0,0,0,19,19,0,0,0,0,0,18,18,18,18,0,0,0,0,0,0,0,0,0,0,0,0,16,16,16,0,0,0,0,0,0,0,0,0,0,0,0,0,0,0,0,0,13,13,13,0,0,0,0,0,0,0,0,0,0,0,0,0,0,0,0,10,10,0,0,0,9,9,0,0,0,0,0,0,0,0,0,0,0,0,7,0,0,0,0,0,0,0,0,4,0,0,0,0,0,0,2,0,0,0,0,0,0
"sample-12",1252,56,0,97,560,972,0,1994,4784,0,0,1977,0,0,7185,1048,0,0,0,851,0,131,0,729,71,133,308,0,1334,0,2648,9,87,865,0,0,0,294,85,2078,737,15,153,0,511,0,43,132,0,62,409,0,438,61,1770,607,0,0,0,0,0,321,28,6,0,0,0,233,12,166,0,0,338,0,0,0,118,0,0,0,39,453,0,0,104,0,0,231,0,0,0,0,0,0,0,100,0,55,47,0,0,0,94,239,0,84,208,0,0,77,0,0,0,230,0,59,0,0,0,0,0,0,0,182,0,0,0,50,0,0,0,87,258,0,0,0,0,0,0,0,115,349,0,0,0,18,0,0,0,0,0,0,0,0,0,0,0,55,0,0,0,0,0,0,0,0,0,0,0,0,0,0,0,0,0,0,0,0,0,0,0,0,0,0,36,0,0,0,0,0,0,0,26,0,129,25,0,83,0,0,44,0,0,0,20,0,0,0,0,17,0,0,0,0,46,0,0,0,0,0,0,0,0,0,0,0,0,0,0,31,0,0,0,0,0,0,0,0,0,0,0,0,0,0,0,0,0,0,0,0,0,0,36,0,0,0,0,95,0,0,0,0,0,72,0,0,0,0,91,64,0,0,0,0,7,46,0,0,0,19,0,0,0,0,0,0,0,0,0,0,0,0,0,16,0,0,0,0,0,0,0,0,0,0,0,0,0,0,0,0,0,70,0,0,0,0,0,0,0,0,0,0,0,0,0,0,0,0,0,0,0,0,0,0,0,0,0,0,0,0,0,0,0,56,0,0,0,0,0,35,0,0,0,0,0,0,0,0,0,0,0,0,0,0,0,0,0,0,0,0,0,0,0,0,0,0,0,0,0,0,0,0,0,0,0,0,0,0,0,0,0,0,38,0,0,0,0,0,0,0,0,0,0,0,0,0,0,0,0,0,0,0,0,0,0,0,0,0,0,0,0,0,0,0,0,0,0,0,0,0,0,0,0,0,0,0,0,0,0,0,0,0,0,0,12,0,0,0,0,0,0,0,32,32,0,0,0,0,0,0,0,0,0,0,0,0,0,0,0,0,0,0,0,0,0,0,0,0,0,0,0,0,0,0,0,0,0,0,28,0,0,0,0,0,0,0,0,0,0,0,0,0,0,0,0,0,0,0,0,0,0,0,0,0,0,0,0,0,0,0,0,0,0,0,0,0,0,0,0,0,0,0,0,0,0,0,0,0,0,0,0,0,0,0,0,0,0,0,0,0,0,0,0,21,0,0,0,0,0,0,0,0,0,0,0,0,20,0,0,0,0,0,0,0,0,0,0,0,0,0,0,0,0,0,0,0,0,0,0,0,0,0,0,0,0,0,0,0,0,0,0,0,0,0,0,0,0,0,0,0,0,0,0,0,0,0,0,0,0,0,0,0,0,12,0,0,0,0,0,0,0,0,0,0,0,10,0,0,0,0,0,0,0,0,0,0,0,0,0,0,0,0,0,7,0,0,0,0,0,0,0,0,0,0,0,0,0,0,0,0,0,0,0,0,0
"sample-13",13840,9068,0,5430,1760,895,72,2731,1221,31,8,3705,229,158,795,1410,54,0,50,1188,228,275,2351,0,1364,4777,153,828,532,0,2095,55,0,1924,0,563,0,469,575,87,369,0,0,0,62,632,0,446,0,155,1224,0,245,29,163,257,32,0,0,184,1633,82,216,0,0,0,0,0,32,382,1406,6,0,0,184,1065,0,364,411,0,0,0,645,0,0,0,0,273,305,127,504,18,787,0,0,201,801,205,28,0,247,0,66,120,0,0,0,290,125,58,0,117,0,0,65,0,0,470,0,463,209,0,0,119,0,0,597,37,418,0,111,171,0,388,93,306,184,359,359,0,0,0,277,221,169,0,0,90,315,0,0,63,0,0,0,83,0,0,271,324,0,0,247,246,236,193,0,0,0,0,225,0,0,0,34,0,201,0,0,0,0,0,0,190,36,52,0,185,0,0,0,180,0,26,42,146,103,86,0,32,99,44,164,0,0,160,0,155,154,29,151,0,0,34,141,140,0,139,139,0,30,0,134,0,0,130,67,0,0,94,0,123,123,42,0,88,120,0,62,0,0,0,0,0,32,0,0,106,104,87,0,0,0,0,0,0,0,0,0,94,0,0,0,0,0,0,0,0,0,26,0,0,0,0,0,0,0,0,0,19,84,84,0,0,0,0,81,0,79,0,0,0,0,62,0,50,0,76,33,0,0,75,143,0,0,0,0,0,0,71,0,0,0,0,0,0,0,67,67,0,0,0,57,0,0,0,0,0,0,0,0,61,0,0,0,60,60,0,59,0,0,0,0,0,3,56,0,0,0,0,0,0,0,0,54,0,0,0,0,0,0,0,0,0,0,0,52,52,0,0,51,51,0,0,0,0,50,50,0,0,49,49,0,0,0,0,0,47,46,0,39,0,44,0,0,0,0,42,42,42,0,0,0,41,41,0,0,0,40,40,0,0,0,0,0,0,0,0,0,0,0,0,0,0,37,37,36,36,36,0,0,0,35,35,0,0,0,0,0,0,0,0,0,0,0,33,0,0,0,0,0,0,0,0,32,32,32,8,0,0,0,0,0,0,0,0,0,0,31,31,0,0,0,0,0,0,0,0,30,30,0,0,0,0,29,0,0,0,0,28,0,0,0,0,0,0,0,27,27,27,27,0,0,0,26,26,0,0,0,0,0,0,0,0,25,0,0,0,0,0,0,0,0,0,0,0,0,0,0,0,0,23,23,23,0,0,0,0,0,0,0,22,22,22,22,22,0,0,0,0,0,0,0,0,21,21,21,0,0,0,0,0,0,0,0,0,0,20,0,0,0,0,0,0,0,0,0,0,0,0,0,0,0,0,0,0,0,0,0,0,0,0,0,0,0,0,0,0,0,0,0,0,15,15,0,0,0,0,0,0,0,0,0,0,0,0,0,0,0,0,0,0,0,0,12,10,0,0,0,0,11,0,0,0,0,0,0,0,0,0,9,0,0,0,0,0,0,8,8,0,0,0,0,0,7,0,0,0,0,0,0,0,4,0,3,0,0,0,0,0,0,0,0,0,0
"sample-14",53959,2820,75,47264,421,2197,0,142,0,0,43,103,254,12491,663,0,0,25,245,0,316,1039,859,1074,70,113,58,3277,0,0,39,24,0,0,0,0,0,0,0,472,0,0,0,0,0,18,0,0,0,231,0,0,0,0,0,0,0,0,0,0,0,0,10,0,0,929,32,0,0,34,0,0,0,0,30,0,0,549,0,0,0,0,220,0,0,0,583,98,0,67,0,53,0,0,0,0,0,91,0,0,0,625,0,90,0,0,0,202,51,0,133,0,341,0,0,0,0,0,0,0,52,0,0,0,0,0,0,17,0,401,0,0,0,0,0,0,0,0,0,0,0,0,0,0,0,0,0,0,0,0,0,0,0,0,0,0,0,0,0,0,0,0,0,0,0,0,0,0,14,0,0,0,0,172,0,0,0,0,0,0,0,0,172,0,0,0,0,0,0,141,0,0,0,0,0,0,0,0,0,0,0,0,0,0,0,0,279,0,0,0,0,0,0,0,0,0,0,0,0,0,0,0,0,0,0,0,0,0,0,0,0,0,0,0,0,0,0,0,0,0,0,0,0,0,0,0,0,0,0,0,0,0,0,21,0,0,0,0,0,0,0,0,0,0,0,0,0,0,0,0,0,0,0,0,0,0,0,0,0,0,0,0,0,0,0,0,0,0,0,79,0,0,0,0,0,0,0,0,0,0,0,0,0,0,0,0,0,0,0,0,0,0,0,0,0,0,0,0,0,0,0,0,0,0,0,0,0,0,0,0,0,0,0,0,0,0,0,60,0,0,0,0,0,0,0,0,0,0,0,0,27,0,0,0,0,0,0,0,0,0,0,0,0,0,0,0,0,0,0,0,0,0,0,0,0,0,0,0,0,0,0,0,0,0,0,0,0,0,0,0,0,0,0,0,0,0,0,0,0,0,0,0,0,0,0,0,0,0,0,0,0,0,0,0,0,0,0,0,0,0,0,0,0,0,0,0,0,0,0,0,0,0,0,0,0,0,0,0,0,0,0,0,0,0,0,0,0,0,0,0,0,0,0,0,0,0,0,0,0,0,0,0,0,0,0,0,0,0,0,0,0,0,0,0,0,0,0,0,0,0,0,0,0,0,0,0,0,0,0,0,0,0,0,0,0,0,0,0,0,0,0,0,0,0,0,0,26,0,0,0,0,0,0,0,0,0,0,0,0,0,0,0,0,0,0,0,0,0,0,0,0,0,0,0,0,0,0,0,0,0,0,0,0,0,0,0,0,0,0,0,0,0,0,0,0,0,0,21,0,0,0,0,0,0,0,0,0,0,0,0,0,0,0,0,0,0,0,0,0,0,0,0,0,0,0,0,0,0,0,0,0,0,0,0,0,0,0,16,0,0,0,0,0,0,0,0,0,0,14,0,0,0,0,0,0,0,0,0,0,0,0,0,0,0,0,0,0,0,0,0,0,0,0,0,0,0,0,0,0,0,0,0,0,0,0,0,0,0,0,0,0,0,0,0,0,0,0,0,0,0,0,0,0,0,0,0,0,0,0,0,0,0,0,0,0
"sample-15",54247,48004,0,73,11905,32,0,328,65,0,0,67,0,0,258,40,0,0,0,62,0,2209,239,0,39,201,0,142,0,0,0,0,0,219,0,0,0,0,0,47,0,0,157,0,0,0,0,0,0,0,89,0,0,0,0,0,0,0,0,0,8,0,20,0,0,0,0,0,0,0,0,0,0,0,0,0,0,0,28,0,0,0,0,0,0,0,0,0,0,0,0,0,0,9,0,0,0,0,44,0,0,0,0,0,0,0,0,0,48,0,18,0,0,32,0,0,0,0,0,0,0,0,0,0,0,0,0,0,0,0,0,0,0,0,0,0,0,0,0,0,0,0,0,0,0,0,0,0,0,0,0,0,0,0,0,0,0,0,0,0,0,0,0,0,0,0,0,0,0,0,0,0,0,0,0,0,0,0,0,0,0,0,0,0,34,0,0,10,0,0,0,0,0,0,0,0,0,0,0,0,0,0,0,0,11,0,0,0,0,0,0,0,0,0,0,0,0,0,0,0,0,0,0,0,0,0,0,0,0,0,0,0,0,0,0,0,0,0,0,0,0,6,0,0,0,0,0,0,0,0,0,0,0,0,0,0,0,0,0,0,0,0,0,0,0,0,0,0,0,0,0,0,0,0,0,0,0,0,0,0,0,0,0,0,0,0,0,0,0,0,0,0,0,0,0,0,0,0,0,0,0,0,0,0,0,0,0,0,0,69,0,0,0,0,0,0,0,0,0,0,0,0,0,0,0,0,0,0,0,0,0,0,0,0,0,0,0,0,0,0,0,0,0,0,0,0,0,0,0,0,0,0,0,0,0,0,0,0,0,0,0,0,0,0,0,0,0,0,0,0,0,0,0,0,0,0,0,0,0,0,0,0,0,0,0,0,0,0,0,0,0,0,0,0,0,0,0,0,0,0,0,0,0,0,0,0,0,0,0,0,0,0,0,0,0,0,0,0,0,0,0,0,0,0,0,0,0,0,0,0,0,0,0,0,35,0,0,0,0,0,0,0,0,0,0,0,0,0,0,0,0,0,0,0,0,0,0,0,0,0,0,0,0,0,0,0,0,0,0,0,0,0,0,0,0,0,0,0,0,0,0,0,0,0,0,0,0,0,0,0,0,0,0,0,0,0,0,0,0,0,0,0,0,0,0,0,0,0,0,0,0,0,0,0,0,0,0,0,0,0,0,0,0,0,0,0,0,0,0,0,0,0,0,0,0,0,0,0,0,0,0,0,0,0,0,0,0,0,0,0,0,0,0,0,0,0,0,0,21,0,0,0,0,0,0,0,0,0,0,0,0,0,0,0,0,0,0,0,0,0,0,0,0,0,0,0,0,0,0,0,0,0,0,0,0,0,0,0,0,0,0,0,0,0,0,0,0,0,0,0,0,0,0,0,0,0,0,0,0,0,0,0,0,0,0,0,0,0,0,0,0,0,0,0,0,0,0,0,0,0,0,0,0,0,0,0,0,0,0,0,0,0,0,0,0,7,0,0,0,0,0,0,0,0,0,0,0,0,0,2,0,0,0,1,0
"sample-16",29404,91,46379,17,0,0,0,0,59,26068,0,30,7226,0,54,19,39,0,0,0,0,0,858,0,0,0,0,0,0,0,0,78,0,0,0,85,3950,87,0,0,0,1254,0,0,0,0,0,0,0,15,0,0,0,0,0,0,0,0,0,0,0,0,0,0,0,0,0,0,0,39,0,0,0,0,0,0,0,0,0,0,0,0,0,0,0,0,0,0,0,0,0,0,0,0,0,0,0,0,0,0,0,0,0,0,0,0,0,0,247,0,0,0,0,0,142,0,0,0,0,0,0,0,0,0,0,0,0,0,0,0,0,0,0,0,0,0,0,0,0,0,0,0,0,0,0,0,0,0,0,0,0,0,0,0,0,0,0,0,0,0,0,0,0,0,0,0,0,0,52,226,0,0,0,0,0,0,0,0,0,0,0,0,0,0,0,0,0,0,0,0,0,0,0,0,0,0,0,0,0,34,0,0,0,0,0,0,0,0,0,0,0,0,0,0,0,0,0,0,0,0,0,0,0,0,0,0,0,0,0,0,0,0,0,0,0,0,0,0,0,0,0,0,0,0,0,0,0,0,0,0,0,0,0,0,0,0,0,0,0,0,36,0,0,0,0,0,0,0,0,0,0,0,0,0,0,41,0,0,0,0,0,0,0,0,0,0,0,0,0,0,0,0,0,0,0,0,0,0,0,0,0,0,0,75,0,0,0,0,0,0,0,0,0,0,0,0,0,0,0,0,0,0,0,0,0,0,0,0,0,0,0,0,0,0,0,0,0,0,0,0,0,0,0,0,0,0,0,0,0,0,0,0,0,0,0,0,0,0,0,0,0,0,0,0,0,0,0,0,0,0,0,0,0,0,0,0,0,0,0,0,0,0,0,0,0,0,0,0,0,0,0,0,0,0,0,0,0,0,0,0,0,0,0,0,0,0,0,0,0,0,0,0,0,0,0,0,0,0,0,0,0,0,0,0,0,0,0,0,0,0,0,0,0,0,0,0,0,0,0,0,0,0,0,0,0,0,0,0,0,0,0,0,0,0,0,0,0,0,0,0,0,0,0,0,0,0,0,0,0,0,0,0,0,0,0,0,0,0,0,0,0,0,0,0,0,0,0,0,0,0,0,0,0,0,0,0,0,0,0,0,0,0,0,0,0,0,0,0,0,0,0,0,0,0,0,0,0,0,0,0,0,0,0,0,0,0,0,0,0,0,0,0,0,0,0,0,0,0,0,0,0,0,0,0,0,0,0,0,0,0,0,0,0,0,0,0,0,0,0,0,0,0,0,0,0,0,0,0,0,0,0,0,0,19,0,0,0,0,0,0,0,0,0,0,0,0,0,0,0,0,0,0,0,0,0,0,0,0,0,0,0,0,0,0,0,0,0,0,0,14,0,0,0,0,0,0,0,13,0,0,0,0,0,0,0,0,0,0,0,0,0,0,0,0,0,0,10,0,0,0,0,0,0,0,0,0,0,0,0,8,0,0,0,0,0,0,0,0,0,0,0,0,0,0,0,0,0,0,0,0,0,0,0,0,1
"sample-2",103192,0,19426,483,223,0,0,0,254,0,0,234,3849,0,0,244,3488,0,0,0,0,0,115,26,348,0,0,80,0,0,0,0,0,0,0,751,0,0,0,0,0,1529,0,0,0,0,0,0,0,0,0,0,0,0,0,0,0,198,634,0,0,0,0,0,0,0,0,0,0,205,0,0,0,0,0,0,0,0,0,907,0,0,0,0,0,0,0,0,0,0,0,0,0,875,0,0,0,0,0,702,0,0,0,0,0,0,0,0,0,0,0,0,0,0,0,0,0,0,467,0,0,0,0,0,0,0,0,0,0,0,0,0,0,0,0,0,0,0,0,0,0,0,0,0,0,0,0,0,0,0,0,0,170,0,117,0,0,0,0,0,0,0,0,0,0,0,0,0,0,0,0,212,62,0,0,0,0,0,0,0,0,0,0,0,0,0,0,0,0,0,0,0,0,0,0,0,0,0,0,60,0,0,0,0,0,0,0,0,0,0,0,0,0,0,0,0,0,0,0,0,136,0,0,0,0,0,0,0,0,0,0,0,0,0,0,0,0,120,0,0,0,0,0,0,0,0,0,0,0,0,0,0,0,0,0,0,0,0,0,0,0,0,0,0,0,0,0,0,0,0,0,0,0,0,0,0,0,0,0,0,0,0,0,0,0,0,0,0,0,0,0,0,0,0,0,0,0,0,0,0,0,0,0,0,0,0,0,0,0,0,71,0,0,0,0,0,0,0,0,0,0,0,0,0,0,0,0,0,0,0,0,0,61,0,0,0,0,0,0,0,0,0,0,0,0,0,0,0,0,0,0,0,0,0,0,0,0,0,0,53,0,0,0,0,0,0,0,0,0,0,0,0,0,0,0,0,0,0,0,0,0,0,0,0,0,0,0,0,0,0,0,0,0,0,0,0,0,0,0,0,0,0,0,0,0,0,0,0,0,0,0,0,0,0,0,0,0,0,0,0,0,0,0,0,0,0,0,0,0,0,0,0,0,0,0,0,0,0,0,0,0,0,0,0,0,0,0,0,0,0,0,0,0,0,0,0,0,0,0,0,0,0,0,0,0,0,0,0,0,0,0,0,0,0,0,0,0,0,0,0,0,0,0,0,0,0,0,0,0,0,0,0,0,0,0,0,0,0,0,0,0,0,0,0,0,0,0,0,0,0,0,0,0,0,0,0,0,0,0,0,0,0,0,0,0,0,0,0,0,0,0,0,0,0,0,0,0,0,0,0,0,0,0,0,0,0,22,0,0,0,0,0,0,0,0,0,0,0,0,0,0,0,0,0,0,0,0,0,0,0,0,0,0,0,0,0,0,0,0,0,0,0,0,0,0,0,0,0,0,0,0,0,0,0,0,0,0,0,0,0,0,0,0,0,0,0,0,0,0,0,0,0,0,0,0,0,0,0,0,0,0,0,0,0,0,0,0,0,0,0,0,0,0,0,0,0,0,0,0,0,0,0,0,0,0,0,0,0,0,0,0,0,0,0,0,0,0,0,0,0,0,0,0,0,0,0,0,0,0,0,0,0,0,0,0
"sample-3",3655,56,467,460,0,36157,0,1014,1942,0,0,1004,0,0,137,652,0,588,0,1096,580,0,0,11508,0,51,0,668,218,0,49,42,177,0,0,0,0,804,104,0,86,199,0,0,35,2526,77,0,0,282,0,0,341,0,0,365,1890,0,0,2090,0,20,13,24,0,0,0,0,1235,0,0,68,0,0,0,0,224,0,0,0,112,0,0,0,79,0,0,39,0,40,22,13,0,0,0,141,0,0,249,0,0,0,0,0,0,165,43,44,70,0,38,0,0,0,0,34,165,0,0,0,98,0,56,0,442,0,0,0,0,0,399,138,0,0,383,17,0,0,0,0,54,0,0,0,0,20,0,0,0,0,0,0,0,290,0,0,0,0,0,0,0,0,0,0,0,0,32,0,0,0,0,0,0,0,0,118,0,0,0,0,0,0,0,0,0,29,22,0,0,0,0,0,152,0,0,0,0,0,0,0,0,0,0,164,0,0,0,0,0,106,0,0,0,0,0,0,0,0,0,0,0,0,0,0,0,0,0,0,0,0,0,0,0,0,0,0,0,0,0,0,0,0,0,39,0,0,0,0,0,0,0,0,0,0,0,0,0,0,0,0,0,0,0,21,0,0,0,0,0,0,0,0,0,0,0,0,0,0,86,0,0,0,0,83,0,0,0,0,0,0,0,0,0,0,0,0,0,0,0,0,0,0,0,0,0,0,0,0,0,0,0,0,0,0,0,0,0,0,0,0,0,0,0,0,0,0,0,0,0,0,0,0,0,0,0,0,0,0,0,0,0,0,0,0,34,0,0,0,0,20,0,55,0,0,0,0,0,0,0,0,0,0,0,0,0,0,0,0,0,0,0,0,0,0,0,0,0,0,0,0,0,0,0,0,0,0,15,0,0,0,0,0,19,0,0,43,0,0,0,0,0,0,0,0,0,41,0,0,0,0,0,0,0,0,0,0,0,0,0,0,0,0,0,0,0,0,0,0,0,0,0,0,0,0,0,0,0,0,0,34,0,0,0,0,21,0,0,0,0,0,0,0,0,0,0,0,0,0,32,0,0,0,0,0,0,0,0,0,0,0,31,0,0,0,0,0,0,0,0,0,0,0,0,0,0,29,0,0,0,0,0,0,0,0,0,0,0,0,0,0,0,0,0,0,0,0,0,26,0,0,0,0,0,0,0,0,0,0,0,0,0,0,0,0,24,0,0,0,0,0,0,0,0,0,23,0,0,21,0,0,0,0,0,0,0,0,0,0,0,0,0,0,0,0,0,0,0,0,0,21,0,0,0,0,0,0,0,0,20,0,0,0,0,0,0,0,0,0,0,0,5,0,18,18,0,0,0,0,0,0,17,17,0,0,0,0,0,0,16,0,0,0,0,0,0,0,0,0,0,0,14,14,0,0,0,0,0,0,13,13,13,0,0,0,0,0,0,0,0,0,0,0,0,0,0,0,0,0,0,0,0,9,9,0,0,0,0,0,0,0,0,0,0,0,0,0,7,0,0,0,0,0,0,0,0,3,0,0,0,0,0,0,0,0,0
"sample-4",0,0,0,295,0,27,0,2074,7381,0,0,3704,0,0,147,0,0,0,0,0,0,0,0,0,0,0,223,0,528,0,1795,0,0,0,0,0,0,0,0,0,0,0,0,0,1470,0,0,0,0,0,0,0,0,0,0,0,0,0,0,0,0,0,46,3,0,0,0,0,0,0,0,0,597,0,0,0,0,0,0,0,0,34,0,0,0,0,0,0,0,0,0,0,0,0,0,0,0,0,0,0,0,0,362,0,0,0,0,0,0,0,0,0,0,106,0,0,0,0,0,0,0,0,0,0,0,0,0,0,0,0,0,0,137,0,0,0,0,0,0,0,0,0,0,0,0,0,0,0,0,0,0,0,0,0,0,0,0,0,0,0,0,0,0,0,0,0,0,0,0,0,0,0,0,0,0,0,0,0,0,0,0,0,0,0,0,0,0,0,0,0,0,0,0,0,0,0,0,0,0,0,0,0,0,0,44,0,0,0,0,0,0,0,0,0,0,0,0,0,0,0,0,0,0,0,0,0,0,0,0,0,0,0,0,0,0,0,0,0,0,0,0,0,0,0,0,0,0,0,0,0,0,0,0,0,0,0,0,0,0,0,0,0,0,0,0,0,0,0,0,0,0,0,0,0,0,0,0,0,0,0,0,0,0,0,0,0,0,0,0,0,0,0,0,0,0,0,0,0,0,0,0,0,0,0,0,0,0,0,0,0,0,0,0,0,0,0,0,0,0,0,0,0,0,0,0,0,0,0,0,0,0,0,0,0,0,0,0,0,0,0,0,0,0,0,0,0,0,0,0,0,0,0,0,0,0,0,0,0,0,0,0,0,0,0,0,0,0,0,0,0,0,0,0,0,0,0,0,0,0,0,0,0,0,0,0,0,0,0,0,0,0,0,0,0,0,0,0,0,0,0,0,0,0,0,0,0,0,0,0,0,0,0,0,0,0,0,0,0,0,0,0,0,0,0,0,0,0,0,0,0,0,0,0,0,0,0,0,0,0,0,0,0,0,0,0,0,0,0,0,0,0,0,0,0,0,0,0,0,0,0,0,0,0,0,0,0,0,0,0,0,0,0,0,0,0,0,0,0,0,0,0,0,0,0,0,0,0,0,0,0,0,0,0,0,0,0,0,0,0,0,0,0,0,0,0,0,0,0,0,0,0,0,0,0,0,0,0,0,0,0,0,0,0,0,0,0,0,0,0,0,0,0,0,0,0,0,0,0,0,0,0,0,0,0,0,0,0,0,0,0,0,0,0,0,0,0,0,0,0,0,0,0,0,0,0,0,0,0,0,0,0,0,0,0,0,0,0,0,0,0,0,0,0,0,0,0,0,0,0,0,0,0,0,0,0,0,0,0,0,0,0,0,0,0,0,0,0,0,0,0,0,0,0,0,0,0,0,0,0,0,0,0,0,0,0,0,0,0,0,0,0,0,0,0,0,0,0,0,0,0,0,0,0,0,0,0,0,0,0,0,0,0,0,0,0,0,0,0,0,0,0,0,0,0,0,0,0,0,0,0,0,0,0,0,0
"sample-5",780,1089,25,327,96,97,42851,152,287,0,0,50,0,35,489,230,0,0,0,33,0,2413,342,0,770,172,39,137,61,0,66,0,0,237,0,15,32,0,0,0,87,0,0,0,0,13,0,0,0,407,62,0,16,35,35,77,0,0,77,0,41,28,133,0,0,0,0,0,0,15,0,0,0,0,0,0,0,32,0,0,0,36,608,0,0,884,0,98,0,0,16,0,0,0,0,0,0,19,0,0,0,0,0,0,0,0,101,16,0,32,0,78,0,405,0,0,0,0,0,0,0,0,0,0,0,0,0,0,0,0,269,33,0,0,40,47,46,0,0,0,15,0,59,0,163,0,0,0,0,0,0,0,0,0,0,0,0,0,0,0,0,53,25,0,0,15,0,0,0,0,0,0,0,0,0,0,0,0,0,0,0,0,0,0,0,0,0,0,0,0,0,0,0,0,0,0,0,0,0,0,24,0,0,0,9,0,0,0,0,0,0,0,0,0,24,0,0,0,0,0,0,0,0,0,0,0,0,0,0,0,0,0,0,0,0,121,0,0,0,0,0,0,0,0,0,0,0,0,0,0,0,0,0,0,0,0,0,0,0,6,0,0,0,0,0,0,0,0,0,0,0,19,0,0,0,0,0,0,0,0,0,0,0,0,0,0,0,0,0,0,79,0,0,0,0,15,0,0,0,76,0,0,0,0,0,0,0,0,0,0,0,0,0,0,69,0,0,0,0,0,0,65,0,0,0,0,0,0,0,0,0,0,0,0,0,0,0,0,0,0,0,0,0,0,0,0,0,0,0,0,28,0,16,0,0,0,0,0,0,0,9,0,0,0,0,0,0,0,0,0,0,0,0,0,0,0,0,0,0,0,0,0,0,0,0,0,0,0,0,0,0,0,0,0,0,0,20,0,0,0,0,0,0,0,0,0,0,0,0,0,0,0,0,0,0,0,0,0,17,0,0,0,0,0,0,0,0,0,0,0,0,0,0,0,0,0,0,0,0,0,0,0,0,0,0,0,33,33,0,0,0,0,0,0,0,0,0,0,0,0,0,0,0,0,0,0,0,0,0,0,0,0,0,0,0,0,0,0,0,0,30,0,0,0,0,0,0,0,0,0,28,0,0,0,0,0,0,0,0,0,0,27,0,0,0,0,0,0,0,0,0,0,0,0,0,25,0,0,0,0,0,0,0,0,0,0,0,0,0,0,0,0,0,0,0,0,0,0,0,0,0,0,0,0,0,0,0,22,0,0,0,0,0,0,0,0,0,0,0,0,0,0,0,0,0,0,0,0,0,0,0,0,0,0,0,0,0,0,0,0,0,0,0,0,18,0,0,0,0,0,0,0,0,0,0,0,0,0,0,0,0,0,0,0,15,15,15,0,0,0,0,0,14,0,0,0,0,0,0,0,0,13,13,0,0,12,0,0,0,0,0,0,0,0,0,0,0,0,0,0,0,0,0,9,0,0,0,0,0,0,8,8,0,0,0,0,0,0,0,0,0,0,0,4,0,0,0,0,0,0,0,0,0,0,0
"sample-6",19122,5022,48,12797,62061,934,0,0,0,0,147,0,686,6052,8639,0,0,7,7997,0,0,63,695,0,0,221,0,450,0,0,0,17,0,854,0,0,0,0,0,784,0,65,0,0,0,0,0,0,0,48,0,0,0,0,0,0,0,0,0,0,0,0,0,0,0,199,11,0,0,0,0,0,0,0,0,0,0,17,0,0,0,0,27,0,0,0,226,41,0,135,0,0,0,0,0,0,0,0,0,0,0,48,0,0,0,0,0,12,0,0,323,0,202,37,85,0,0,0,0,0,0,0,0,0,0,0,0,0,0,0,0,0,0,0,34,0,0,0,0,0,0,0,0,0,0,0,0,0,0,0,0,0,0,0,0,0,0,0,0,0,0,0,0,0,0,0,0,0,162,16,0,0,0,33,0,0,0,0,0,0,0,0,19,0,55,0,0,0,0,0,0,0,0,0,0,0,0,0,0,0,0,0,0,0,0,0,0,0,0,0,0,0,0,0,0,0,0,0,0,0,0,0,0,0,81,0,0,0,0,0,0,0,0,0,0,0,0,0,0,0,0,0,0,0,0,0,0,0,0,0,0,0,0,0,0,0,0,0,0,0,58,0,0,0,0,0,0,0,0,0,0,0,0,0,0,0,0,0,0,0,0,0,0,0,0,0,0,0,0,17,0,0,0,0,0,0,0,0,0,0,0,0,0,0,0,0,0,0,0,0,0,0,0,0,0,0,0,0,0,0,0,0,0,0,0,0,0,0,0,0,0,0,0,0,0,0,0,0,0,0,0,0,0,0,0,0,0,0,0,0,0,0,0,0,0,0,0,0,0,0,0,0,0,0,0,0,0,0,0,0,0,0,0,0,0,0,0,0,0,0,0,0,0,0,0,0,0,0,0,0,6,45,0,0,0,0,0,0,0,0,0,0,0,0,0,0,0,0,0,0,0,0,0,0,0,0,0,0,38,0,0,0,0,0,0,0,0,0,0,0,0,0,0,0,0,0,0,0,0,0,0,0,0,0,0,0,0,0,0,0,0,0,0,0,0,0,0,0,0,0,0,0,0,0,0,0,0,0,0,0,0,0,0,0,0,0,0,0,0,0,0,0,0,0,0,0,0,0,0,0,0,0,0,0,0,0,0,0,0,0,0,0,0,0,0,0,0,0,26,0,0,0,0,0,0,0,0,0,0,0,0,0,0,0,0,0,0,0,0,0,0,0,0,0,0,0,0,0,0,0,0,0,0,0,0,0,0,0,0,0,0,0,0,0,0,0,0,0,0,0,0,0,0,0,0,0,0,0,0,0,0,0,0,0,0,0,0,0,0,0,0,0,0,0,0,18,0,0,0,0,0,0,0,0,0,0,0,0,0,0,0,0,0,0,0,0,0,0,0,0,0,0,0,0,0,0,0,0,0,0,0,0,0,0,0,0,0,0,0,0,0,11,0,0,0,0,0,0,0,0,0,0,0,0,9,0,0,0,0,0,0,0,0,0,0,0,0,0,0,0,5,0,0,0,0,0,0,0,0,0,0,0,0,0,0
"sample-7",15770,102604,0,157,7412,8,0,433,59,0,0,85,0,0,210,80,0,0,0,36,0,1612,237,0,33,551,0,0,0,0,0,0,0,485,0,36,0,9,24,21,41,0,52,0,0,0,0,0,0,0,108,0,0,0,0,0,0,0,0,0,0,0,7,7,0,0,0,0,0,43,0,0,0,0,0,0,0,30,22,0,0,0,14,0,0,0,0,0,0,0,0,0,0,11,0,0,0,0,126,0,0,0,14,0,0,0,0,15,18,29,27,0,0,0,18,0,0,0,0,0,0,0,0,0,0,0,0,0,0,0,0,0,0,0,0,0,33,0,0,0,0,0,0,0,0,0,0,0,0,0,0,0,0,0,0,0,0,0,0,0,0,0,0,0,9,0,0,0,0,0,0,0,0,0,0,0,0,0,0,0,0,0,0,0,27,0,0,0,0,0,0,0,0,0,0,0,27,0,0,0,0,0,0,0,0,0,0,0,0,0,0,0,0,0,0,0,0,0,0,0,0,0,0,0,0,0,0,0,0,0,0,0,0,0,0,0,0,0,0,0,0,0,0,0,0,0,0,0,0,0,0,0,0,0,0,0,0,0,0,0,0,0,0,0,0,0,0,0,0,0,0,0,0,0,0,0,0,0,0,0,0,0,0,0,0,0,0,0,0,0,29,0,0,0,0,0,0,0,0,0,0,0,0,0,0,0,0,0,0,0,0,0,0,0,0,0,0,0,0,0,0,0,7,0,0,0,0,0,0,0,0,0,0,0,0,0,0,0,0,0,0,0,0,0,0,0,0,0,0,0,0,0,0,0,0,0,0,0,0,0,0,0,0,0,0,0,0,0,0,0,0,0,0,0,0,0,0,0,0,0,0,0,0,0,0,0,0,0,0,0,0,0,0,0,0,0,0,0,0,0,0,0,0,0,0,0,0,0,0,0,0,0,0,0,0,0,0,0,0,0,0,0,0,0,0,0,0,0,0,0,0,0,0,0,0,0,0,0,0,0,0,0,0,0,0,0,0,0,0,0,0,0,0,0,0,0,0,0,0,0,0,0,0,0,0,0,0,0,0,0,0,0,0,0,0,0,0,0,0,0,0,0,0,0,0,0,0,0,0,0,0,0,0,0,0,0,0,0,0,0,0,0,0,0,0,0,0,0,0,0,0,0,0,0,0,0,0,0,0,0,0,0,0,0,0,0,0,0,0,0,0,0,0,0,0,0,0,0,0,0,0,0,0,0,0,0,0,0,0,0,0,0,0,0,0,0,0,0,0,0,0,0,0,0,0,0,0,0,0,0,0,0,0,0,0,0,0,0,0,0,0,0,0,0,0,0,0,0,0,0,0,0,0,0,0,0,0,0,0,0,0,0,0,0,0,0,0,15,0,0,0,0,0,0,0,0,0,0,0,0,0,0,0,0,0,0,0,0,0,0,0,0,0,0,0,0,0,0,0,0,0,0,0,0,0,0,0,0,0,0,0,0,0,0,0,0,0,7,7,0,0,0,0,0,0,0,0,0,0,0,0,0,0,0,0
"sample-8",52595,0,1378,39,0,0,0,228,0,0,23486,442,1938,0,5238,1007,1329,771,844,0,0,0,1887,0,0,269,0,249,0,5536,0,4522,907,0,0,129,0,0,0,0,0,0,0,0,0,0,231,782,0,383,0,278,0,134,0,0,0,883,0,0,0,0,0,0,0,0,197,0,0,377,0,0,0,0,0,0,0,0,117,0,0,0,159,0,0,0,0,0,0,0,0,0,0,0,0,0,0,239,0,0,0,0,0,0,0,0,0,0,0,0,0,339,0,0,497,0,0,0,0,0,0,0,0,0,0,421,0,0,0,0,0,40,0,0,0,0,0,0,0,0,0,0,0,0,0,0,0,0,0,0,179,0,0,0,0,0,0,0,0,0,0,0,0,0,0,0,0,0,0,0,0,0,148,0,0,0,0,198,0,0,0,0,0,0,0,0,0,0,185,0,0,0,0,0,0,0,0,0,52,0,0,0,0,0,0,0,0,0,0,0,0,0,0,0,0,0,0,0,0,0,0,0,0,0,0,0,0,0,0,0,0,0,0,0,0,0,0,0,0,0,0,0,0,0,0,0,0,0,0,0,0,0,0,0,0,0,0,0,0,0,0,0,0,0,0,0,0,0,0,0,0,0,0,0,0,0,0,0,0,0,0,0,0,0,0,0,0,0,0,0,0,0,0,0,0,0,0,0,0,0,0,0,0,0,0,0,0,0,0,0,0,0,0,0,0,0,0,0,0,0,0,0,0,0,0,63,0,0,0,0,0,0,0,0,0,0,0,0,0,0,0,0,0,0,0,0,0,0,0,0,0,0,0,0,0,0,0,0,0,0,0,0,0,0,0,0,0,0,0,0,0,0,0,0,0,0,0,0,0,0,0,0,0,0,0,0,0,0,0,0,0,0,0,0,0,0,0,0,0,0,0,0,0,0,0,0,0,0,0,0,0,0,0,0,0,0,0,0,0,0,0,0,0,0,0,0,0,0,0,0,0,0,0,0,0,0,0,0,0,0,0,0,0,0,0,0,0,0,0,0,0,0,0,0,0,0,0,0,0,0,0,0,0,0,0,0,0,0,0,0,0,0,0,0,0,0,0,0,0,0,0,0,0,0,0,0,0,0,0,0,0,0,0,0,0,0,0,0,0,0,0,0,0,0,0,0,0,0,0,0,0,0,0,0,0,0,0,0,0,0,0,0,0,0,0,0,0,0,0,0,0,0,0,0,0,0,0,0,0,0,0,0,0,0,0,0,0,0,0,0,0,0,0,0,0,0,0,0,0,0,0,0,0,0,0,0,0,0,0,0,0,0,0,0,0,0,0,0,0,0,0,0,0,0,0,0,0,0,0,0,0,0,0,0,0,0,0,0,0,0,0,0,0,0,0,0,0,0,0,0,0,0,0,0,0,0,0,0,0,0,0,0,0,0,0,0,0,0,0,0,0,0,0,0,0,0,0,0,0,0,0,0,0,0,0,0,0,0,0,0,0,0,0,0,0,0,0,0,0,0,0,0,0,0,0,0,0,0,0,0,0,0,0,0,0
"sample-9",1049,43,40,1613,66,336,2048,28283,5169,0,0,5076,0,0,142,4601,0,79,0,1499,36,0,0,0,2328,0,487,78,377,0,1628,0,1341,0,0,0,0,984,1534,0,877,0,0,1314,309,345,1162,458,27,0,0,0,838,748,0,505,0,0,0,0,0,588,714,0,0,0,0,321,0,734,0,337,163,133,665,0,306,37,0,0,141,372,0,0,0,0,0,0,24,27,0,0,0,54,0,466,0,0,0,0,0,0,49,166,0,360,230,0,19,0,0,0,0,359,114,155,0,0,0,0,0,451,0,144,0,0,0,201,0,0,0,66,52,0,0,0,77,0,0,15,82,0,0,0,0,245,0,40,0,314,67,248,54,0,0,4,0,67,0,0,108,84,203,0,0,33,0,65,0,0,0,0,0,0,151,0,0,0,0,71,0,0,0,0,0,29,0,0,0,0,182,31,38,74,0,0,41,0,41,0,0,0,0,0,185,0,0,0,0,0,0,149,0,63,0,0,0,0,0,0,0,136,0,0,0,0,28,30,42,0,124,0,0,33,0,0,0,0,57,116,0,109,28,0,0,0,110,0,0,16,101,44,64,79,0,97,0,0,0,0,0,20,0,0,92,0,0,0,0,0,0,89,88,88,80,0,87,0,0,0,0,0,0,0,83,0,0,81,0,0,0,0,0,0,0,12,0,0,43,0,0,0,0,0,75,0,0,0,0,0,0,0,31,0,0,68,0,0,0,67,0,0,0,64,64,0,0,62,0,0,0,0,0,0,0,0,0,0,0,0,0,0,57,0,19,0,56,0,39,0,0,0,0,0,0,54,54,20,0,0,44,16,0,0,0,0,0,0,52,0,0,0,51,51,51,0,0,0,50,0,0,0,49,0,0,48,0,0,0,0,0,0,18,44,0,0,0,0,0,0,0,0,0,0,0,0,41,41,0,0,40,40,40,0,0,39,39,39,0,38,0,0,0,0,0,0,0,0,0,36,0,0,0,0,0,35,0,0,0,0,34,34,0,0,0,0,0,0,33,33,33,0,0,0,0,0,0,24,0,32,32,32,32,0,0,0,26,0,0,0,0,31,31,31,31,0,0,0,0,0,0,30,0,0,0,0,29,0,0,0,0,28,0,0,0,0,0,0,0,0,0,0,0,0,0,0,0,0,0,26,26,26,0,0,0,0,25,25,25,25,17,0,0,0,0,24,0,0,0,0,0,14,0,0,0,23,23,0,0,0,0,0,0,0,0,0,0,0,22,22,0,0,0,0,0,0,0,0,0,0,21,21,0,0,0,0,0,0,0,20,0,0,0,0,19,19,0,0,0,0,0,0,0,0,0,0,18,18,18,0,0,0,17,17,0,0,0,0,0,16,16,16,0,0,0,0,0,0,0,0,0,0,0,14,0,0,0,0,0,0,0,0,0,0,0,0,12,12,12,0,0,0,11,0,0,0,0,10,0,0,0,0,0,0,0,9,0,0,0,0,0,0,0,0,0,0,0,0,0,0,0,0,0,0,0,0,3,3,0,0,2,2,0,0,0
